Newspaper,Organizer,Source URL,Source Type,Approved At,Deleted At,Organizer Deleted,Newspaper Disabled
Akers Avis Groruddalen,Deichman Stovner,https://deichman.no/hva-skjer?branch=branch_Stovner,Weblink,2025-10-24 09:34:15,,No,No
Akers Avis Groruddalen,Deichman Nordtvet,https://www.facebook.com/deichman.nordtvet/events,Facebook,2025-04-07 12:56:16,2025-10-23 10:58:05,No,No
Akers Avis Groruddalen,Deichman Stovner,https://www.facebook.com/deichman.stovner/events,Facebook,2025-04-07 12:55:37,2025-10-24 09:53:19,No,No
Akers Avis Groruddalen,Rødtvet senior -og aktivitetssenter,https://www.facebook.com/rodtvetseniorsenter,Facebook,2025-03-12 11:01:21,2025-03-12 11:02:08,No,No
Akers Avis Groruddalen,Rødtvet senior -og aktivitetssenter,https://www.facebook.com/rodtvetseniorsenter/events,Facebook,2025-03-12 11:13:30,,No,No
Akers Avis Groruddalen,Deichman Romsås,https://deichman.no/hva-skjer?branch=branch_Roms%C3%A5s,Weblink,2025-03-24 08:58:23,2025-03-24 08:59:07,No,No
Akers Avis Groruddalen,Furuset bibliotek og aktivitetshus,https://www.facebook.com/fubiak/events,Facebook,2025-04-24 10:33:36,2025-12-23 11:28:19,No,No
Akers Avis Groruddalen,Furuset bibliotek og aktivitetshus,https://deichman.no/hva-skjer?branch=branch_Furuset,Weblink,2025-04-24 10:33:36,2025-12-23 11:14:16,No,No
Akers Avis Groruddalen,"Høybråten, Fossum og Stovner menighet",https://www.facebook.com/HFSMenighet/events?locale=nb_NO,Facebook,2025-04-15 14:23:58,2026-01-07 12:16:45,No,No
Akers Avis Groruddalen,Ellingsrud og Furuset menighet,https://www.facebook.com/ellingsrudogfurusetmenighet/events?locale=nb_NO,Facebook,2025-04-15 14:22:23,2026-01-07 12:55:27,No,No
Akers Avis Groruddalen,Linderud gård,https://www.facebook.com/linderudgard/events?locale=nb_NO,Facebook,2025-04-10 13:05:52,,No,No
Akers Avis Groruddalen,Østre Aker og Haugerud menighet,https://www.facebook.com/ostreakeroghaugerudmenighet/events,Facebook,2025-04-15 14:28:36,2025-04-22 12:16:25,No,No
Akers Avis Groruddalen,Nordre Lindeberg gård,https://www.facebook.com/NLGiOslo/events?locale=nb_NO,Facebook,2025-04-30 13:12:47,,No,No
Akers Avis Groruddalen,Deichman Romsås,https://www.facebook.com/deichman.romsas/events?locale=nb_NO,Facebook,2025-04-07 15:08:01,2025-05-16 14:24:42,No,No
Akers Avis Groruddalen,Deichman Romsås,https://deichman.no/hva-skjer?branch=branch_Roms%C3%A5s,Weblink,2025-03-24 09:58:45,2025-05-16 14:24:42,No,No
Akers Avis Groruddalen,Tveten gård,https://www.facebook.com/tveten.gard/events?locale=nb_NO,Facebook,2025-05-22 07:48:12,2025-05-22 10:06:15,No,No
Akers Avis Groruddalen,Tveten gård,https://www.facebook.com/tveten.gard/events?locale=nb_NO,Facebook,2025-05-22 10:06:58,,No,No
Akers Avis Groruddalen,Deichman Stovner,https://deichman.no/hva-skjer?branch=branch_Stovner,Weblink,2025-04-02 06:53:30,2025-10-24 09:34:02,No,No
Akers Avis Groruddalen,Deichman Nordtvet,https://deichman.no/hva-skjer?branch=branch_Nordtvet,Weblink,2025-04-02 06:52:21,2025-10-23 10:36:19,No,No
Akers Avis Groruddalen,Deichman Bjerke,https://deichman.no/hva-skjer?branch=branch_Bjerke,Weblink,2025-07-23 10:32:16,,No,No
Akers Avis Groruddalen,Kloden teater,https://www.facebook.com/klodenteater/events,Facebook,2025-07-29 09:57:57,,No,No
Akers Avis Groruddalen,Kloden teater,https://www.facebook.com/klodenteater/events?locale=nb_NO,Facebook,2025-07-23 14:24:47,2025-07-29 09:57:57,No,No
Akers Avis Groruddalen,Østre Aker og Haugerud menighet,https://www.kirken.no/nb-NO/fellesrad/kirkeneioslo/menigheter/ostreakeroghaugerud/Kalender/,Weblink,2025-09-17 11:27:11,,No,No
Akers Avis Groruddalen,Demo Linderud,https://deichman.no/hva-skjer?branch=branch_Linderud,Weblink,2025-07-22 14:25:17,2025-09-01 08:06:49,No,No
Akers Avis Groruddalen,Deichman Nordtvet,https://deichman.no/hva-skjer?branch=branch_Nordtvet,Weblink,2025-10-23 10:36:32,,No,No
Akers Avis Groruddalen,Demo Linderud,https://deichman.no/hva-skjer?branch=branch_Linderud,Weblink,2025-09-01 08:07:25,,No,No
Akers Avis Groruddalen,Rommen Scene,https://rommenscene.no/program,Weblink,2025-09-17 07:09:37,,No,No
Akers Avis Groruddalen,Bånkall gård,https://www.facebook.com/BaankallGaard/events?locale=nb_NO,Facebook,2025-09-17 07:18:24,,No,No
Akers Avis Groruddalen,Silkeveien,https://www.facebook.com/silkeveienkulturkafe/events?locale=nb_NO,Facebook,2025-09-17 13:59:01,,No,No
Akers Avis Groruddalen,Deichman Romsås,https://deichman.no/hva-skjer?branch=branch_Roms%C3%A5s,Weblink,2025-10-23 10:59:18,,No,No
Akers Avis Groruddalen,Høybråten Sanitetsforening,https://www.facebook.com/hoybratensanitetsforening/events?locale=nb_NO,Facebook,2025-11-05 12:32:47,,No,No
Akers Avis Groruddalen,Romsås kulturhus,https://www.facebook.com/romsas.kulturhus/events?locale=nb_NO,Facebook,2025-11-14 07:56:03,,No,No
Akers Avis Groruddalen,Furuset Vel,https://www.facebook.com/furusetheimen/events,Facebook,2025-11-20 13:14:44,,No,No
Akers Avis Groruddalen,Årvoll gård,https://www.facebook.com/Kulturgard/events,Facebook,2025-11-20 13:14:11,,No,No
Akers Avis Groruddalen,Kafeen på Bånkall gård,https://www.facebook.com/profile.php?id=61579293977047&sk=events,Facebook,2025-12-03 15:04:58,,No,No
Akers Avis Groruddalen,Tatie,https://www.facebook.com/profile.php?id=61555032959482&sk=events&locale=nb_NO,Facebook,2025-12-03 15:03:50,,No,No
Akers Avis Groruddalen,Furuset bibliotek og aktivitetshus,https://deichman.no/hva-skjer?page=3&branch=branch_Furuset,Weblink,2025-12-23 11:14:25,,No,No
Akers Avis Groruddalen,"Høybråten, Fossum og Stovner menighet",https://www.kirken.no/nb-NO/fellesrad/kirkeneioslo/menigheter/hfs/hvaskjer/,Weblink,2026-01-07 12:09:40,,No,No
Akers Avis Groruddalen,Ellingsrud og Furuset menighet,https://www.kirken.no/nb-NO/fellesrad/kirkeneioslo/menigheter/ellingsrud-og-furuset/hva-skjer/,Weblink,2026-01-07 12:17:55,,No,No
Akers Avis Groruddalen,Grorud Sokn,https://www.kirken.no/nb-NO/fellesrad/kirkeneioslo/menigheter/grorud/hva-skjer/,Weblink,2026-01-07 13:00:31,,No,No
Akers Avis Groruddalen,Grorud Sokn,https://www.facebook.com/grorudkirke/events?locale=nb_NO,Facebook,2025-04-01 10:41:34,2026-01-07 13:15:10,No,No
Alta Kommune,Alta kultursal,https://www.altakultursal.no/kulturprogram/,Weblink,2025-06-20 08:19:18,2025-12-08 09:51:39,No,No
Alta Kommune,Alta bibliotek,https://www.facebook.com/altabiblio/events,Facebook,2025-06-11 14:42:59,,No,No
Alta Kommune,Alta og omegn turlag,https://www.facebook.com/altaogomegnturlag/events,Facebook,2025-06-13 10:09:49,,No,No
Alta Kommune,Lávgu,https://lavgu.no/aktiviteter/,Weblink,2025-06-20 08:17:42,,No,No
Alta Kommune,Alta Museum,https://www.altamuseum.no/en/calendar,Weblink,2025-07-04 16:13:36,2025-08-20 06:50:11,No,No
Alta Kommune,Alta Museum,https://www.altamuseum.no/no/kalender,Weblink,2025-09-10 09:47:10,2025-09-23 06:32:43,No,No
Alta Kommune,Alta Museum,https://www.altamuseum.no/no/kalender,Weblink,2025-11-13 09:57:49,,No,No
Alta Kommune,Alta kultursal,https://ebillett.no/90031500000000,Weblink,2025-12-08 09:51:39,,No,No
Bydel Frogner,Deichman Majorstuen,https://www.facebook.com/Deichman.Majorstuen/events,Facebook,2025-02-26 11:23:25,2025-12-23 15:03:37,No,No
Bydel Frogner,Deichman Majorstuen,https://deichman.no/hva-skjer?branch=branch_Majorstuen,Weblink,2025-12-23 14:56:12,,No,No
COOLIDE,"Jihomoravská agentura pro veřejné inovace JINAG, spolek",https://www.facebook.com/agentura.jinag/?locale=cs_CZ,Facebook,2025-04-03 15:38:36,2025-09-09 10:26:48,No,Yes
COOLIDE,"Jihomoravská agentura pro veřejné inovace JINAG, spolek",https://jinag.eu/cs/kalendar-akci,Weblink,2025-09-09 12:49:01,2025-10-08 10:01:31,No,Yes
Dagen,Bergens Indremisjon Betlehem,https://www.betlehem.no/hva-skjer/kalender,Weblink,2025-06-23 11:17:12,,No,No
Dagen,Den Norske Israelsmisjon,https://www.israelsmisjonen.no/arrangementer/liste/,Weblink,2024-04-16 13:17:48,2025-08-14 12:01:34,No,No
Dagen,Norea Mediemisjon,https://norea.no/moteversikt,Weblink,2025-04-25 12:25:35,2025-04-25 12:33:03,No,No
Dagen,Plussreiser,https://plussreiser.no/reiser/,Weblink,2025-08-14 13:00:21,,No,No
Dagen,Norea Mediemisjon,https://norea.no/moteversikt,Weblink,2025-04-28 12:53:22,2025-12-11 11:24:42,No,No
Dagen,Norea Mediemisjon,https://norea.no/moteversikt,Weblink,2025-12-11 11:24:55,,No,No
Dagen,Hemsedal Høyfjellsenter,https://fjells.no/arrangementer/,Weblink,2025-12-11 11:42:21,,No,No
Danderyds Kommun,Kommunens evenemangskalender,https://www.danderyd.se/evenemang/,Weblink,2025-07-09 11:38:59,,No,No
Danderyds Kommun,Kommunens evenemangskalender,https://www.facebook.com/danderydskommun/events/?id=100064450519382&sk=events,Facebook,2024-01-10 10:10:08,2025-11-20 09:02:20,No,No
DDV,Flekkefjord Kultursenter SPIRA,https://www.facebook.com/FlekkefjordkultursenterSpira/events,Facebook,2024-06-26 14:54:37,2025-12-16 14:01:48,No,No
DDV,Hva skjer i Farsund kommune,https://www.facebook.com/kulturstriba/events,Facebook,2024-11-05 11:12:38,,No,No
DDV,Lindesnesbibliotekene,https://www.facebook.com/lindesnesbibliotekene/events,Facebook,2024-11-05 11:12:38,,No,No
DDV,Minne Kultursenter,https://www.facebook.com/Minnekultursenter/events,Facebook,2024-11-05 11:12:38,,No,No
DDV,Flekkefjord bibliotek,https://www.facebook.com/profile.php?id=100064531488549&sk=events,Facebook,2025-02-19 15:51:27,,No,No
DDV,Kulturprogrammet i Kvinesdal,https://kvinesdalkino.filmweb.no/kulturprogram,Weblink,2025-07-07 09:06:02,,No,No
DDV,Buen kulturhus,https://www.buenkulturhus.no/programoversikt,Weblink,2025-07-22 11:54:09,,No,No
DDV,Smaabyen Flekkefjord,https://www.visitsorlandet.com/destinasjoner/flekkefjord/hva-skjer-i-flekkefjord/,Weblink,2025-12-16 07:35:36,,No,No
DDV,Kvinesdal Visit Sørlandet,https://www.visitsorlandet.com/destinasjoner/kvinesdal/hva-skjer-i-kvinesdal/,Weblink,2025-12-16 07:43:43,,No,No
DDV,Vest-Agder Museet,https://www.vestagdermuseet.no/arrangementer/,Weblink,2025-12-16 11:31:52,2025-12-16 12:18:01,No,No
DDV,Vest-Agder Museet,https://www.vestagdermuseet.no/arrangementer/,Weblink,2025-12-16 12:34:56,,No,No
DDV,Flekkefjord Kultursenter SPIRA,https://ebillett.no/90018100000000,Weblink,2025-12-16 14:01:48,,No,No
DDV,Aktiv Ung Flekkefjord,https://flekkefjordung.frivilligsentral.no/,Weblink,2026-01-07 12:00:42,,No,No
Folkebladet,Hugos Pub,https://www.facebook.com/profile.php?id=100055114729330,Facebook,2025-06-11 11:04:54,2025-09-09 10:58:31,No,No
Folkebladet,Hugos Pub,https://www.facebook.com/profile.php?id=100055114729330&sk=events,Facebook,2025-09-09 10:58:31,,No,No
Jasper Local,Jasper Pride & Ski Festival,https://www.facebook.com/jasperpridefestival/events,Facebook,2025-03-21 15:46:31,,No,No
Longyearbyen lokalstyre,"Aktiv i Friluft, Longyearbyen",https://www.facebook.com/aktivifriluftlyb/events,Facebook,2024-11-05 11:12:38,,No,No
Longyearbyen lokalstyre,Svalbard Turn,https://www.facebook.com/profile.php?id=100064482048718&sk=events,Facebook,2024-11-05 11:12:38,,No,No
Longyearbyen lokalstyre,Longyearbyen folkebibliotek ,https://www.facebook.com/longyearbyenbibliotek/events,Facebook,2024-11-05 11:12:38,,No,No
Longyearbyen lokalstyre,Artica Svalbard,https://www.facebook.com/ArticaSvalbard/events,Facebook,2024-10-11 12:49:36,2025-12-16 14:47:40,No,No
Longyearbyen lokalstyre,Ung i Longyearbyen,https://www.facebook.com/UngiLyb/events,Facebook,2024-11-05 11:12:38,,No,No
Longyearbyen lokalstyre,Nordover kino,https://www.facebook.com/longyearbyenkulturhus/events,Facebook,2024-11-05 11:12:38,,No,No
Longyearbyen lokalstyre,Nordover kunstsenter,https://www.facebook.com/nordoversvalbard/events,Facebook,2024-11-05 11:12:38,,No,No
Longyearbyen lokalstyre,Universitetet på Svalbard,https://www.facebook.com/UNIS.Svalbard/events,Facebook,2024-11-05 11:12:38,,No,No
Longyearbyen lokalstyre,Svalbard Kirke,https://www.facebook.com/svalbardkirke/events,Facebook,2024-11-04 12:04:59,,No,No
Longyearbyen lokalstyre,Longyearbyen lokalstyre,https://www.facebook.com/profile.php?id=100057518745299&sk=events,Facebook,2024-11-05 11:12:38,,No,No
Longyearbyen lokalstyre,Polarjazz,https://www.facebook.com/Polarjazz/events,Facebook,2025-01-23 13:13:16,2025-12-17 09:22:58,No,No
Longyearbyen lokalstyre,Longyearbyen litteraturfestival,https://www.facebook.com/Longyearbyenlitteraturfestival/events,Facebook,2025-02-07 08:36:22,,No,No
Longyearbyen lokalstyre,Dark Season Blues,https://www.facebook.com/DarkSeasonBlues/events,Facebook,2025-02-07 09:27:18,,No,No
Longyearbyen lokalstyre,Longyearbyen kulturhus,https://www.facebook.com/longyearbyenkulturhus/events,Facebook,2025-02-07 09:29:36,,No,No
Longyearbyen lokalstyre,Arctic Chamber Music Festival,https://www.facebook.com/arcticchambermusicfestival/events,Facebook,2025-02-11 10:13:28,,No,No
Longyearbyen lokalstyre,Svalbard Vibe,https://www.facebook.com/profile.php?id=100093377504147&sk=events,Facebook,2025-02-19 15:16:45,,No,No
Longyearbyen lokalstyre,Svalbard museum,https://www.facebook.com/svalbardmuseum,Facebook,2025-02-19 14:51:37,2025-04-14 13:31:56,No,No
Longyearbyen lokalstyre,Svalbard museum,https://www.facebook.com/svalbardmuseum/events,Facebook,2025-04-14 13:31:56,,No,No
Longyearbyen lokalstyre,Nordover kino,https://ebillett.no/longyearbyenkulturhus/events/daily,Weblink,2025-11-21 16:33:15,,No,No
Longyearbyen lokalstyre,Artica Svalbard,https://www.articasvalbard.no/artica-events,Weblink,2025-12-16 14:47:40,,No,No
Longyearbyen lokalstyre,Polarjazz,https://polarjazz.no/,Weblink,2025-12-17 09:24:54,,No,No
Longyearbyen lokalstyre,Polarjazz,https://polarjazz.no/program/,Weblink,2025-12-17 09:22:58,2025-12-17 09:24:54,No,No
Mitt Kongsvinger/Mitt Eidskog,Rådhus-Teatret,https://www.facebook.com/radhusteatret/events,Facebook,2025-02-17 09:59:39,,No,No
Mitt Kongsvinger/Mitt Eidskog,Eidskog kommune,https://www.facebook.com/eidskogkommune/events,Facebook,2025-03-06 11:14:28,,No,No
Mitt Kongsvinger/Mitt Eidskog,Eidskog Bibliotek,https://www.facebook.com/Tyrielden/events,Facebook,2025-03-06 11:18:22,,No,No
Mitt Kongsvinger/Mitt Eidskog,Joker Brandvall,https://www.facebook.com/jokerbrandval/events?locale=nb_NO,Facebook,2025-03-06 11:21:53,2025-03-11 12:26:13,Yes,No
Mitt Kongsvinger/Mitt Eidskog,Kongsvinger Bibliotek,https://www.facebook.com/kongsvingerbibliotek/events/,Facebook,2025-03-26 13:34:00,,No,No
Mitt Kongsvinger/Mitt Eidskog,Kongsvinger Kommune,https://www.facebook.com/kongsvingerkommune/events,Facebook,2025-06-03 11:03:29,,No,No
Mitt Kongsvinger/Mitt Eidskog,Anno Kongsvingerregionen,https://www.facebook.com/Kvinnemuseet/events,Facebook,2025-06-17 12:43:31,,No,No
Mitt Kongsvinger/Mitt Eidskog,Anno Kongsvingerregionen,https://www.facebook.com/EidskogMuseum/events,Facebook,2025-06-17 12:43:31,,No,No
Mitt Kongsvinger/Mitt Eidskog,Anno Kongsvingerregionen,https://www.facebook.com/KongsvingerMuseum/events,Facebook,2025-06-17 12:43:31,,No,No
Mitt Kongsvinger/Mitt Eidskog,Klang under kuppelen,https://www.facebook.com/klangunderkuppelen/events,Facebook,2025-07-31 12:57:30,,No,No
Mitt Kongsvinger/Mitt Eidskog,Vinger kirke,https://www.facebook.com/vinger.menighet/events,Facebook,2025-11-20 14:19:25,,No,No
Mitt Kongsvinger/Mitt Eidskog,Rådhus-Teatret,https://ebillett.no/kongsvingerkinoradhusteatret/events/daily,Weblink,2025-11-27 11:11:39,,No,No
Nacka Kommun,På gång i Nacka,https://www.nacka.se/pa-gang-i-nacka/,Weblink,2025-12-22 09:50:49,,No,No
Samisk,Sámi Našunálateáhter Beaivváš,https://beaivvas.no/nb/billett-program/,Weblink,2025-09-22 11:22:50,,No,No
Samisk,Lounge Sápmi,https://www.facebook.com/loungesapmi/events,Facebook,2025-09-22 11:24:53,,No,No
Sandefjord Kommune Innbygger,Den kulturelle vandringsstaven,https://www.facebook.com/vandringsstaven/events,Facebook,2024-11-05 11:12:38,,No,No
Sandefjord Kommune Innbygger,Hjertnes kulturhus,https://www.facebook.com/hjertneskulturhus/events,Facebook,2024-11-04 12:04:59,,No,No
Sandefjord Kommune Innbygger,Sandefjord bibliotek,https://www.facebook.com/sandefjordbibliotek/events,Facebook,2024-11-05 11:12:38,,No,No
Sandefjord Kommune Innbygger,Hjertnes småtroll,https://www.facebook.com/hjertnessmatroll/events,Facebook,2024-12-02 13:05:23,,No,No
Sandefjord Kommune Innbygger,Hjertnes småtroll,https://www.facebook.com/hjertnessmatroll,Facebook,2024-12-02 12:42:12,2024-12-02 13:05:23,No,No
Sandefjord Kommune Innbygger,Hjertnes småtroll,https://hjertnes.no/smatroll-i-hjertnes/,Weblink,2024-12-02 12:30:37,2024-12-03 10:08:13,No,No
Sandefjord Kommune Innbygger,Alonsohuset,https://www.facebook.com/alonsohuset/events,Facebook,2025-05-23 09:04:58,,No,No
Sandefjord Kommune Innbygger,Andebu bibliotek,https://www.facebook.com/Andebubibliotek/events,Facebook,2025-05-23 09:48:25,,No,No
Sandefjord Kommune Innbygger,Fellesverket Sandefjord,https://www.facebook.com/fellesverketsandefjord/events,Facebook,2025-05-23 10:14:06,,No,No
Sandefjord Kommune Innbygger,Furu egg,https://furuegg.no/177-2/,Weblink,2025-05-23 10:24:14,2025-06-19 07:51:27,No,No
Sandefjord Kommune Innbygger,Color Line,https://www.colorline.no/sandefjord-stromstad/underholdning,Weblink,2025-06-17 07:31:00,2025-12-09 15:06:07,No,No
Sandefjord Kommune Innbygger,Høyjord ungdomslag,https://www.hul.no,Weblink,2025-07-23 08:55:47,,No,No
Sandefjord Kommune Innbygger,Kurbadhagen,https://kurbadhagen.no/program/,Weblink,2025-07-23 12:59:31,,No,No
Sandefjord Kommune Innbygger,Corner Fun Bar,https://fabnite.com/no/organizations/corner,Weblink,2025-07-23 13:41:28,,No,No
Sandefjord Kommune Innbygger,Sandefjord Byen Vår,https://www.sandefjordbyenvar.no/hva-skjer/,Weblink,2025-07-23 13:24:58,2025-08-26 10:14:15,No,No
Sandefjord Kommune Innbygger,Hælja Hime,https://www.facebook.com/haeljahime/events,Facebook,2025-09-17 11:37:14,,No,No
Sandefjord Kommune Innbygger,Stokke bibliotek,https://www.facebook.com/StokkeBibliotek/events/,Facebook,2025-09-26 06:30:14,,No,No
Sandefjord Kommune Innbygger,Furu egg,https://furuegg.no/177-2/,Weblink,2025-12-05 15:50:55,,No,No
Södertälje kommun,Södertälje kommun,https://www.facebook.com/sodertaljevaxer/events,Facebook,2025-12-10 08:41:05,,No,No
Södertälje kommun,Södertälje kommun,https://www.facebook.com/sodertaljekommun/events,Facebook,2025-12-10 08:41:05,,No,No
Stor-Økern,Deichman Bjerke,https://www.facebook.com/deichman.bjerke/events,Facebook,2025-11-12 07:58:51,2025-12-30 15:54:50,No,No
Stor-Økern,Kloden teater ,https://www.facebook.com/klodenteater/events,Facebook,2025-11-11 11:40:21,2025-12-30 15:57:21,No,No
Stor-Økern,Deichman Bjerke,https://deichman.no/hva-skjer?branch=branch_Bjerke,Weblink,2025-12-30 15:40:05,,No,No
Stor-Økern,Kloden teater ,https://kloden.ticketco.events/no/nb,Weblink,2025-12-30 15:51:30,,No,No
Suldalsposten,Kulturhuset i Suldal,https://www.suldal.kulturhus.no/kulturprogram/,Weblink,2024-01-10 11:08:47,2025-10-06 12:30:35,No,No
Suldalsposten,Kulturhuset i Suldal,https://ebillett.no/kulturhusetisuldal/events/monthly/grid,Weblink,2025-10-06 13:25:50,,No,No
Suldalsposten,Kulturhuset i Suldal,https://ebillett.no/kulturhusetisuldal/events/daily,Weblink,2025-10-06 14:19:10,2025-10-09 10:30:24,No,No
Suldalsposten,Kulturhuset i Suldal,https://ebillett.no/kulturhusetisuldal/events/daily,Weblink,2025-10-09 10:31:48,,No,No
Suldalsposten,Kulturhuset i Suldal,https://ebillett.no/kulturhusetisuldal/events/monthly/grid,Weblink,2025-10-06 12:31:11,2025-10-06 12:55:20,No,No
Sunnfjord,Sogn og Fjordane Kunstmuseum,https://www.facebook.com/SognogFjordaneKunstmuseum/events,Facebook,2025-05-12 13:11:31,2025-05-19 06:13:55,No,No
Sunnfjord,Sunnfjord Museum,https://www.facebook.com/sunnfjordmuseum/events,Facebook,2025-05-09 09:09:25,2025-05-19 06:13:56,No,No
Sunnfjord,Larris Scene,https://www.facebook.com/larrisscene/events,Facebook,2025-05-06 07:15:26,2025-05-19 06:14:05,Yes,No
Sunnfjord,Sunnfjord utvikling,https://www.facebook.com/SunnfjordUtvikling/events,Facebook,2025-05-06 06:59:42,2025-05-19 06:14:07,No,No
Sunnfjord,Førdehuset,https://www.facebook.com/fordehuse/events,Facebook,2025-05-06 06:39:15,2025-05-19 06:14:08,No,No
Sunnfjord,Sunnfjord Museum,https://www.facebook.com/sunnfjordmuseum/events,Facebook,2025-05-23 08:15:15,,No,No
Sunnfjord,Sogn og Fjordane Kunstmuseum,https://www.facebook.com/SognogFjordaneKunstmuseum/events,Facebook,2025-05-26 12:06:42,,No,No
Sunnfjord,Indre Sunnfjord Turlag,https://www.facebook.com/indresunnfjordturlag/events,Facebook,2025-05-28 06:36:27,,No,No
Sunnfjord,Sunnfjord utvikling,https://www.facebook.com/SunnfjordUtvikling/events,Facebook,2025-06-04 13:35:52,,No,No
Sunnfjord,Larris Scene,https://www.facebook.com/larrisscene/events,Facebook,2025-06-05 14:04:41,2025-06-06 07:59:41,Yes,No
Sunnfjord,Larris Scene,https://www.facebook.com/larrisscene/events,Facebook,2025-06-06 07:59:08,2025-06-06 07:59:44,No,No
Sunnfjord,Førdefestivalen,https://www.facebook.com/fordefestival/events,Facebook,2025-06-23 11:17:46,,No,No
Sunnfjord,Førdefestivalen,https://www.fordefestival.no/program,Weblink,2025-06-19 13:51:48,2025-06-23 11:17:46,No,No
Sunnfjord,Sunnfjord bibliotek,https://sunnfjordbibliotek.no/kva-skjer/,Weblink,2025-07-07 09:31:10,,No,No
Sunnfjord,Førdehuset,https://fordehuset.no/kulturprogram/,Weblink,2025-07-07 09:41:07,,No,No
Sunnfjord,Sunnfjord utvikling,https://www.sunnfjordutvikling.no/tilskipingar/,Weblink,2025-07-07 14:57:18,,No,No
Sunnfjord,Larris Scene,https://scandicsunnfjord.ticketco.events/no/nb,Weblink,2025-07-07 15:03:31,,No,No
Sunnfjord,Sunnfjord Museum,https://misf.no/opplevingar?museum=sunnfjord-museum&category=,Weblink,2025-07-07 15:07:13,,No,No
Sunnfjord,Sogn og Fjordane Kunstmuseum,https://misf.no/opplevingar?museum=kunstmuseet&category=,Weblink,2025-07-07 15:09:16,,No,No
Sunnfjord,Indre Sunnfjord Turlag,https://friluftslivetsar.no/aktivitetskalender,Weblink,2025-07-07 11:32:46,2025-07-08 13:59:25,No,No
Sunnfjord,Teater Vestland,https://www.teatervestland.no/program/,Weblink,2025-08-01 11:29:20,,No,No
Sunnfjord,Larris Scene,https://www.facebook.com/larrisscene/events,Facebook,2025-06-06 08:00:21,2025-12-08 08:56:53,No,No
Sunnfjord,Førdehuset,https://www.facebook.com/fordehuse/events,Facebook,2025-05-23 07:38:20,2025-12-08 08:57:52,No,No
Tun Media,Nortura,https://www.facebook.com/medlemnortura/events,Facebook,2025-06-25 16:00:18,2025-06-26 06:36:25,No,No
Tun Media,Gartnerhallen,https://www.facebook.com/Gartnerhallen/events,Facebook,2025-06-26 06:58:06,2025-06-26 07:24:36,No,No
Tun Media,Gartnerhallen,https://www.facebook.com/Gartnerhallen/events,Facebook,2025-06-26 07:25:17,,No,No
Tun Media,Landkreditt,https://www.facebook.com/FelleskjopetRogalandAgder/events,Facebook,2025-06-26 06:49:04,2025-06-26 07:54:53,No,No
Tun Media,Felleskjøpet Rogaland og Agder,https://www.facebook.com/felleskjopet/events,Facebook,2025-06-26 06:44:42,2025-06-26 07:54:57,No,No
Tun Media,Norges Bondelag,https://www.bondelaget.no/kalender/,Weblink,2025-08-01 11:12:35,,No,No
Tun Media,Nortura,https://medlem.nortura.no/organisasjon/kalender/,Weblink,2025-08-01 11:25:23,,No,No
Tun Media,Felleskjøpet Agri,https://www.felleskjopet.no/aktiviteter/,Weblink,2025-08-01 11:26:57,,No,No
Tun Media,Norsk Landbruksrådgiving,https://www.nlr.no/kalender,Weblink,2025-09-17 15:05:08,,No,No
Tun Media,TINE Rådgiving og Medlemsservice ,https://medlem.tine.no/aktivitetskalender,Weblink,2025-08-01 11:14:01,2025-08-26 14:08:04,No,No
Tun Media,TINE Rådgiving og Medlemsservice ,https://medlem.tine.no/aktivitetskalender,Weblink,2025-08-29 08:22:46,,No,No
Tun Media,Felleskjøpet Rogaland og Agder,https://www.facebook.com/FelleskjopetRogalandAgder/events,Facebook,2025-10-06 15:56:47,,No,No
Tysvær Innbygger,Nedstrand Bygdahus og Nedstrand IL,https://www.facebook.com/groups/435489236475967/events,Facebook,2024-11-14 15:46:25,2024-12-06 12:50:16,No,No
Tysvær Innbygger,"Ungdomsklubben i Tysværvåg, KM klubben",https://www.facebook.com/groups/139738362739579/events,Facebook,2024-11-14 15:49:49,2024-12-06 12:50:49,No,No
Tysvær Innbygger,Gamle Slaktehuset Allaktivitetshus,https://www.facebook.com/gamleslaktehuset/events,Facebook,2024-11-14 15:37:47,2025-07-14 08:49:51,No,No
Tysvær Innbygger,Avanti Fritidsklubb,https://www.facebook.com/AvantiFritidsklubb/events,Facebook,2024-11-14 15:33:04,,No,No
Tysvær Innbygger,Tysværtunet Kulturhus,https://www.tysvertunet.kulturhus.no/kulturprogram/,Weblink,2025-06-26 10:40:37,,No,No
Tysvær Innbygger,Hulå,https://www.facebook.com/profile.php?id=100092420610007&sk=events,Facebook,2024-11-14 11:42:36,2025-09-18 08:41:32,No,No
Tysvær Innbygger,Stegaberg Idrettslag,https://www.facebook.com/stegabergIL/events,Facebook,2025-07-04 13:58:35,2025-07-04 13:58:39,No,No
Tysvær Innbygger,Tysvær kano- og kajakklubb,https://www.facebook.com/tysverkanoogkajakklubb/events,Facebook,2025-07-04 13:09:07,2025-07-07 07:36:42,No,No
Tysvær Innbygger,Stegaberg Idrettslag,https://www.facebook.com/stegabergIL/events,Facebook,2025-07-04 14:04:38,2025-07-07 07:36:44,No,No
Tysvær Innbygger,Tysvær Frivilligsentral,https://www.facebook.com/tysvaer.frivilligsentral/events,Facebook,2025-07-07 08:30:18,,No,No
Tysvær Innbygger,Tysvær Frivilligsentral,https://www.facebook.com/tysvaer.frivilligsentral,Facebook,2025-07-04 10:10:34,2025-07-07 08:30:18,No,No
Tysvær Innbygger,Tysværtunet Kino,https://ebillett.no/tysvartunetkulturhus/events/daily,Weblink,2025-11-21 14:51:24,,No,No
Tysvær Innbygger,SKUMRINGSTIME - Tysværtunet Kulturhus,https://ebillett.no/90012210000000,Weblink,2025-12-19 15:39:38,,No,No
VårtOslo,Kunstnernes Hus,https://www.facebook.com/kunstnerneshus/events,Facebook,2024-12-05 13:16:53,,No,No
VårtOslo,Munch,https://www.facebook.com/munchmuseet/events/,Facebook,2024-12-16 11:37:57,,No,No
VårtOslo,Hadeland Glassverk,https://www.facebook.com/hadelandglassverk/events,Facebook,2024-12-16 11:58:49,,No,No
VårtOslo,Norsk folkemuseum,https://www.facebook.com/norskfolkemuseum/events,Facebook,2024-12-18 13:04:36,,No,No
VårtOslo,Teknisk museum,https://www.facebook.com/Tekniskmuseum/events,Facebook,2024-12-18 15:55:02,,No,No
VårtOslo,Postkontoret Tøyen,https://www.facebook.com/toyenpostkontor/events,Facebook,2025-01-04 20:16:24,,No,No
VårtOslo,Postkontoret Tøyen,https://www.facebook.com/toyenpostkontor/,Facebook,2025-01-04 20:15:08,2025-01-04 20:16:24,No,No
VårtOslo,Bernie's sportsbar og bydelspub,https://www.facebook.com/berniesoslo/events,Facebook,2025-01-05 17:11:07,,No,No
VårtOslo,Liv & Røre - Triaden,https://www.facebook.com/livogroretriaden/events,Facebook,2025-01-05 17:28:19,,No,No
VårtOslo,Besøk Oslo domkirke,https://www.facebook.com/oslodomkirke/events,Facebook,2025-01-05 18:13:23,,No,No
VårtOslo,Abelone Kjøkken & Bar,https://www.facebook.com/abelonekb/events,Facebook,2025-01-06 21:07:35,2026-01-02 10:14:24,No,No
VårtOslo,Via Village: En verden av unike smaksopplevelser!,https://www.facebook.com/viavillageoslo/events,Facebook,2025-01-06 20:02:15,,No,No
VårtOslo,Oslo Fashion Outlet,https://www.facebook.com/oslofashionoutlet/events,Facebook,2025-01-13 13:40:44,,No,No
VårtOslo,Bogstad gård,https://www.facebook.com/bogstadgard/events,Facebook,2025-01-13 15:32:35,,No,No
VårtOslo,Norsk Maritimt Museum,https://www.facebook.com/maritimtmuseum/events,Facebook,2025-01-06 20:33:42,,No,No
VårtOslo,Grønland Boulebar & Spiseri,https://www.facebook.com/gronlandboulebar/events,Facebook,2025-01-06 20:48:16,,No,No
VårtOslo,Besøk Grønland kirke,https://www.facebook.com/gamlebyenoggronland/events,Facebook,2025-01-06 20:57:17,,No,No
VårtOslo,Brødrene Bergh,https://www.facebook.com/brodreneberghoslo/events,Facebook,2024-12-04 16:22:27,,No,No
VårtOslo,Den Norske Opera og Ballett,https://www.facebook.com/operaen/events,Facebook,2024-12-04 16:23:42,,No,No
VårtOslo,Rampen,https://www.facebook.com/rampenoslo/events,Facebook,2024-12-04 16:24:48,2025-01-07 00:36:18,Yes,No
VårtOslo,Gamle Raadhus Scene,https://www.facebook.com/gamleraadhusscene/events,Facebook,2025-01-06 21:18:36,,No,No
VårtOslo,IBSEN Museum & Teater,https://www.facebook.com/IBSENMuseumTeater/events,Facebook,2025-01-06 21:48:29,,No,No
VårtOslo,Bygdø kongsgård,https://www.facebook.com/bygdokongsgard,Facebook,2025-01-06 22:48:10,,No,No
VårtOslo,Duckpin,https://www.facebook.com/duckpinoslo/events,Facebook,2025-01-07 00:25:23,,No,No
VårtOslo,Barcode Street Food,https://www.facebook.com/BarcodeStreetFood/events,Facebook,2025-01-07 00:33:50,,No,No
VårtOslo,Tjuvholmen,https://www.facebook.com/BydelTjuvholmen/events,Facebook,2025-01-07 00:46:41,,No,No
VårtOslo,Wallmans Oslo,https://www.facebook.com/wallmansoslo/events,Facebook,2025-01-07 01:17:10,,No,No
VårtOslo,Galleri Semmingsen,https://www.facebook.com/gallerisemmingsen/events,Facebook,2025-01-09 15:07:15,,No,No
VårtOslo,The Kon-Tiki Museum,https://www.facebook.com/KonTikiMuseum/events,Facebook,2025-01-09 15:43:56,,No,No
VårtOslo,The Viking Planet,https://www.facebook.com/thevikingplanet/events,Facebook,2025-01-14 12:37:53,,No,No
VårtOslo,TBS Gallery,https://www.facebook.com/tbsgallery/events,Facebook,2025-01-14 13:06:07,,No,No
VårtOslo,Nordic Black Theatre,https://www.facebook.com/Cafeteatret/events,Facebook,2024-12-16 11:59:53,2025-12-16 14:44:11,No,No
VårtOslo,Historisk museum,https://www.facebook.com/HistoriskmuseumOslo/events,Facebook,2025-01-05 19:08:54,2026-01-02 10:31:00,No,No
VårtOslo,Eidsvoll 1814,https://www.facebook.com/eidsvoll1814/events,Facebook,2025-01-04 20:43:54,2026-01-02 11:17:14,No,No
VårtOslo,Duckpin,https://duckpin.no/hva-skjer/#h-eventer,Weblink,2025-01-29 11:35:59,2025-12-19 10:00:06,No,No
VårtOslo,INC.works,https://www.facebook.com/INCworks.no/events,Facebook,2025-02-28 13:11:38,2025-02-28 13:29:39,No,No
VårtOslo,INC.works,https://www.facebook.com/INCworks.no/events,Facebook,2025-03-03 14:59:16,,No,No
VårtOslo,Bogstadveien,https://www.facebook.com/Bogstadveien.no/events,Facebook,2025-03-03 15:42:58,,No,No
VårtOslo,Abelone Kjøkken & Bar,https://abeloneoslo.no/hva-skjer/,Weblink,2025-01-29 11:50:08,2026-01-02 10:12:35,No,No
VårtOslo,Oslo Museum,https://www.facebook.com/BymuseetOslo/events,Facebook,2025-05-04 12:30:04,2025-05-04 12:34:36,No,No
VårtOslo,Oslo Museum,https://www.facebook.com/BymuseetOslo/events,Facebook,2025-05-05 15:41:39,2025-05-07 10:00:29,No,No
VårtOslo,Oslo Museum,https://www.facebook.com/BymuseetOslo/events,Facebook,2025-05-07 10:30:19,,No,No
VårtOslo,Star Karaoke Bar,https://www.facebook.com/thestaroslo/events,Facebook,2025-10-16 07:50:53,,No,No
VårtOslo,Brim Explorer,https://www.facebook.com/brimexplorer/events,Facebook,2025-11-21 15:31:38,,No,No
VårtOslo,Dattera til Hagen,https://dattera.no/kalender,Weblink,2025-12-15 11:02:16,,No,No
VårtOslo,Nordic Black Theatre,https://nordicblacktheatre.no/program?view=calendar,Weblink,2025-12-16 14:45:19,,No,No
VårtOslo,Nordic Black Theatre,https://nordicblacktheatre.no/program,Weblink,2025-12-16 14:08:19,2025-12-16 14:45:19,No,No
VårtOslo,Duckpin,https://duckpin.no/hva-skjer/#h-eventer,Weblink,2025-12-19 10:00:16,,No,No
VårtOslo,Abelone Kjøkken & Bar,https://abeloneoslo.no/hva-skjer/,Weblink,2026-01-02 10:12:43,,No,No
VårtOslo,Historisk museum,https://www.historiskmuseum.no/arrangementer/,Weblink,2026-01-02 10:26:07,,No,No
VårtOslo,Eidsvoll 1814,https://eidsvoll1814.no/hva-skjer,Weblink,2026-01-02 11:16:11,,No,No
VårtOslo,Besøk Oslo domkirke,https://www.kirken.no/nb-NO/fellesrad/kirkeneioslo/menigheter/oslo-domkirken/hva-skjer/,Weblink,2026-01-07 15:45:45,2026-01-07 15:55:44,No,No
Västerås,Västerås konstmuseum,https://www.facebook.com/vasteraskonstmuseum/events,Facebook,2024-05-30 08:18:24,2025-12-19 08:38:11,No,No
Västerås,Västmanlands Teater,https://www.facebook.com/vastmanlandsteater/events,Facebook,2024-11-05 11:12:38,,No,No
Västerås,Vallby Friluftsmuseum,https://www.facebook.com/vallbyfriluftsmuseum/events,Facebook,2024-11-05 11:12:38,,No,No
Västerås,Västerås stad - kalender Facebook,https://www.facebook.com/vasteras/events,Facebook,2024-11-05 11:12:38,,No,No
Västerås,Västmanlands läns museum,https://www.facebook.com/vastmanlandslansmuseum/events,Facebook,2024-05-30 08:16:57,2025-12-19 12:02:20,No,No
Västerås,Västerås stad - kalender Västerås.se ,https://www.vasteras.se/kalender,Weblink,2025-07-07 08:31:09,,No,No
Västerås,Culturen,https://plus.vasteras.se/91/culturen/evenemangskalender,Weblink,2025-10-02 08:06:38,,No,No
Västerås,Växhuset,https://plus.vasteras.se/91/vaxhuset/evenemangskalender,Weblink,2025-10-10 09:19:30,,No,No
Västerås,Västerås konstmuseum,https://vasteraskonstmuseum.se/91/vasteras-konstmuseum/program,Weblink,2025-12-19 08:38:11,2025-12-19 10:52:18,No,No
Västerås,Västerås konstmuseum,https://vasteraskonstmuseum.se/91/vasteras-konstmuseum/program,Weblink,2025-12-19 10:52:38,2025-12-19 11:43:23,No,No
Västerås,Västmanlands läns museum,https://vastmanlandslansmuseum.se/aktiviteter/,Weblink,2025-12-19 11:53:26,,No,No
Västerås,Västerås konstmuseum,https://vasteraskonstmuseum.se/91/vasteras-konstmuseum/program,Weblink,2025-12-19 18:08:17,,No,No
Västerås,Västerås konstmuseum,https://www.facebook.com/vasteraskonstmuseum/events,Facebook,2025-12-19 11:43:23,2025-12-19 18:13:56,No,No
VOL,Vesterålen Turlag,https://www.facebook.com/VesteralenTurlag/events,Facebook,2026-01-05 07:59:14,,No,No
WO Bergen,Bondens marked i Bergen,https://www.facebook.com/bondensmarkedbergen/events?locale=nb_NO,Facebook,2025-05-09 09:06:24,2025-05-09 10:34:02,No,No
WO Bergen,Bondens marked i Bergen,https://www.facebook.com/bondensmarkedbergen/events?locale=nb_NO,Facebook,2025-05-09 11:17:23,,No,No
WO Bergen,Troll Museum Bergen,https://www.facebook.com/TrollMuseumBergen/events,Facebook,2025-10-28 07:39:03,,No,No
WO Bergen,Forum Scene,https://www.forumscene.no/arrangementer,Weblink,2025-08-01 13:36:32,,No,No
WO Bergen,Grieghallen,https://www.grieghallen.no/arrangementer,Weblink,2025-08-05 10:25:22,,No,No
WO Bergen,Grieghallen,https://www.facebook.com/grieghallen/events,Facebook,2025-08-04 18:13:07,2025-08-22 07:08:26,No,No
WO Bergen,Hulen,https://www.hulen.no/billetter,Weblink,2026-01-08 12:56:28,,No,No
WO Oslo,Kulturkirken Jakob,https://www.jakob.no/program,Weblink,2025-10-21 07:59:49,,No,No
WO Oslo,Kulturhistorisk Museum,https://www.facebook.com/HistoriskmuseumOslo/events,Facebook,2025-04-28 10:32:46,2025-04-30 14:12:46,No,No
WO Oslo,Cosmopolite,https://www.facebook.com/CosmopoliteNorway/events?locale=nb_NO,Facebook,2025-05-12 16:44:25,2025-05-12 16:44:45,No,No
WO Oslo,Cosmopolite,https://www.facebook.com/CosmopoliteNorway/events?locale=nb_NO,Facebook,2025-05-16 07:32:46,,No,No
WO Oslo,Kulturhistorisk Museum,https://www.facebook.com/Kulturhistoriskmuseumoslo/events,Facebook,2025-05-21 13:22:37,,No,No
WO Oslo,Norsk Folkemuseum,https://www.facebook.com/norskfolkemuseum/events,Facebook,2025-05-21 15:49:52,2025-05-21 15:50:02,No,No
WO Oslo,Astrup Fearnley Museet,https://www.facebook.com/astrupfearnleymuseet/events,Facebook,2025-05-30 15:00:29,2026-01-02 16:33:02,No,No
WO Oslo,Eidsvoll 1814,https://www.facebook.com/eidsvoll1814/events,Facebook,2025-05-21 17:02:08,2026-01-02 16:44:03,No,No
WO Oslo,Ibsen Museum & Teater,https://www.facebook.com/IBSENMuseumTeater/events,Facebook,2025-05-21 15:55:47,2025-05-21 16:25:37,No,No
WO Oslo,Eidsvoll 1814,https://www.facebook.com/eidsvoll1814/events,Facebook,2025-05-21 16:01:13,2025-05-21 16:25:38,No,No
WO Oslo,Bogstad Gård,https://www.facebook.com/bogstadgard/events,Facebook,2025-05-21 16:06:59,2025-05-21 16:25:40,No,No
WO Oslo,Bygdø Kongsgård,https://www.facebook.com/bygdokongsgard/events,Facebook,2025-05-21 16:25:25,2025-05-21 16:25:43,No,No
WO Oslo,Norsk Folkemuseum,https://www.facebook.com/norskfolkemuseum/events,Facebook,2025-05-21 16:49:05,,No,No
WO Oslo,Norsk Maritimt Museum,https://www.facebook.com/maritimtmuseum/events,Facebook,2025-05-21 16:47:16,2025-05-21 16:49:28,No,No
WO Oslo,Norsk Maritimt Museum,https://www.facebook.com/maritimtmuseum/events,Facebook,2025-05-21 16:52:15,,No,No
WO Oslo,Ibsen Museum & Teater,https://www.facebook.com/IBSENMuseumTeater/events,Facebook,2025-05-21 16:56:41,,No,No
WO Oslo,Bygdø Kongsgård,https://www.facebook.com/bygdokongsgard/events,Facebook,2025-05-21 16:59:42,,No,No
WO Oslo,Bogstad Gård,https://www.facebook.com/bogstadgard/events,Facebook,2025-05-21 17:01:26,,No,No
WO Oslo,Vigelandmuseet,https://www.facebook.com/vigelandmuseum/events,Facebook,2025-05-22 19:02:03,2025-05-22 19:02:34,No,No
WO Oslo,Vigelandmuseet,https://www.facebook.com/vigelandmuseum/events,Facebook,2025-05-26 12:54:35,,No,No
WO Oslo,Teknisk museum,https://www.facebook.com/Tekniskmuseum/events,Facebook,2025-05-30 09:58:37,2025-05-30 09:59:32,No,No
WO Oslo,Astrup Fearnley Museet,https://www.facebook.com/astrupfearnleymuseet/events,Facebook,2025-05-30 13:43:45,2025-05-30 13:43:52,No,No
WO Oslo,Nobel Peace Center,https://www.facebook.com/nobelpeacecenter/events,Facebook,2025-06-04 09:48:11,2025-06-04 09:48:51,No,No
WO Oslo,Nobel Peace Center,https://www.facebook.com/nobelpeacecenter/events,Facebook,2025-06-04 10:07:38,,No,No
WO Oslo,Rockefeller / John Dee / Sentrum Scene,https://www.facebook.com/rockefelleroslo/events,Facebook,2025-06-05 13:48:04,2025-06-05 13:48:11,No,No
WO Oslo,Rockefeller / John Dee / Sentrum Scene,https://www.facebook.com/rockefelleroslo/events,Facebook,2025-06-05 13:50:45,,No,No
WO Oslo,Bondens marked Oslo,https://www.facebook.com/bondensmarkedoslo/events,Facebook,2025-06-05 13:55:12,2025-06-05 13:55:20,No,No
WO Oslo,Teknisk museum,https://www.facebook.com/Tekniskmuseum/events,Facebook,2025-05-30 10:25:25,2025-06-16 15:55:00,No,No
WO Oslo,Bondens marked Oslo,https://www.facebook.com/bondensmarkedoslo/events,Facebook,2025-06-05 15:42:01,,No,No
WO Oslo,HL-Senteret,https://www.facebook.com/HLsenteret/events,Facebook,2025-06-06 11:51:22,2025-06-06 11:59:36,No,No
WO Oslo,Kon-Tiki Museet,https://www.facebook.com/KonTikiMuseum/events,Facebook,2025-06-06 12:21:41,2025-06-06 12:21:49,No,No
WO Oslo,Kon-Tiki Museet,https://www.facebook.com/KonTikiMuseum/events,Facebook,2025-06-06 12:41:12,,No,No
WO Oslo,SALT art & music,https://www.facebook.com/SaltArtMusic/events,Facebook,2025-06-07 13:44:53,2025-06-07 13:45:09,No,No
WO Oslo,Henie Onstad Kunstsenter,https://www.facebook.com/henieonstad/events,Facebook,2025-06-07 13:50:45,2025-06-07 13:50:54,No,No
WO Oslo,SALT art & music,https://www.facebook.com/SaltArtMusic/events,Facebook,2025-06-07 13:51:47,,No,No
WO Oslo,Henie Onstad Kunstsenter,https://www.facebook.com/henieonstad/events,Facebook,2025-06-07 13:52:20,,No,No
WO Oslo,HL-Senteret,https://www.facebook.com/HLsenteret/events,Facebook,2025-06-06 12:07:50,2026-01-02 13:19:35,No,No
WO Oslo,Smelteverket,https://www.facebook.com/Smelteverket/events,Facebook,2025-07-09 09:05:35,,No,No
WO Oslo,Teknisk museum,https://www.tekniskmuseum.no/program,Weblink,2025-08-01 11:00:01,,No,No
WO Oslo,Munch,https://www.munch.no/hva_skjer/,Weblink,2025-09-11 06:57:44,,No,No
WO Oslo,Kulinarisk Akademi,https://www.facebook.com/KulinariskAkademi/events,Facebook,2025-09-25 14:15:57,,No,No
WO Oslo,Teater Neuf International,https://www.facebook.com/teaterneufint/events,Facebook,2025-11-05 11:42:01,,No,No
WO Oslo,Trekanten,https://www.facebook.com/trekantenoslo/events,Facebook,2025-09-22 13:36:29,,No,No
WO Oslo,Teater Neuf International,https://neuf.no/arrangementer?mode=calendar,Weblink,2025-11-04 15:58:55,2025-11-05 11:42:01,No,No
WO Oslo,ShowWeb,https://www.showweb.no/program,Weblink,2025-10-20 12:56:11,,No,No
WO Oslo,Gamle Oslo Husflidslag,https://www.facebook.com/gamleoslohusflidslag/events?locale=nb_NO,Facebook,2025-11-14 09:18:04,,No,No
WO Oslo,Kunsthallen,https://kunsthallen.no/exhibitions/,Weblink,2025-11-14 09:48:29,,No,No
WO Oslo,Street Art Norge,https://streetartnorge.no/utstilling/,Weblink,2025-11-14 09:54:02,,No,No
WO Oslo,HL-Senteret,https://www.hlsenteret.no/arrangementer/,Weblink,2026-01-02 13:16:41,,No,No
WO Oslo,Astrup Fearnley Museet,https://www.afmuseet.no/arrangementer/,Weblink,2026-01-02 16:25:11,,No,No
WO Oslo,Eidsvoll 1814,https://eidsvoll1814.no/hva-skjer,Weblink,2026-01-02 16:43:09,,No,No
WO Oslo,Rockefeller / John Dee / Sentrum Scene,https://www.rockefeller.no/,Weblink,2026-01-05 09:57:04,2026-01-06 17:33:32,No,No
WO Oslo,Rockefeller / John Dee / Sentrum Scene,https://www.rockefeller.no/,Weblink,2026-01-07 15:57:43,2026-01-07 16:55:08,No,No
WO Oslo,Carls,https://www.facebook.com/CarlsOslo/events,Facebook,2026-01-14 18:12:29,,No,No
WO Oslofjorden,Bølgen Kino,https://www.facebook.com/bolgenkino/events,Facebook,2025-05-19 18:26:59,2026-01-07 16:28:55,No,No
WO Oslofjorden,Bølgen Kulturhus,https://www.facebook.com/bolgenkulturhus/events?locale=nb_NO,Facebook,2025-05-19 18:27:45,2026-01-08 11:04:42,No,No
WO Oslofjorden,Bølgen Kulturhus,https://www.facebook.com/bolgenkulturhus/events?locale=nb_NO,Facebook,2025-05-19 18:08:03,2025-05-19 18:11:53,No,No
WO Oslofjorden,Bølgen Kino,https://www.facebook.com/bolgenkino/events,Facebook,2025-05-19 18:17:14,2025-05-19 18:17:21,No,No
WO Oslofjorden,DuVerden,https://www.facebook.com/DuVerdenAS/events?locale=nb_NO,Facebook,2025-05-20 09:58:05,2025-05-20 09:58:14,No,No
WO Oslofjorden,DuVerden,https://www.facebook.com/DuVerdenAS/events,Facebook,2025-05-21 13:25:37,,No,No
WO Oslofjorden,Bondens Marked Østfold,https://www.facebook.com/BondensMarkedOstfold/events,Facebook,2025-06-05 14:15:16,2025-06-05 14:15:25,No,No
WO Oslofjorden,Bondens Marked Drammen og Hønefoss,https://www.facebook.com/BondensMarkedDrammen/events,Facebook,2025-06-05 14:22:35,2025-06-05 14:22:43,No,No
WO Oslofjorden,Bondens Marked Østfold,https://www.facebook.com/BondensMarkedOstfold/events,Facebook,2025-06-05 14:23:11,,No,No
WO Oslofjorden,Bondens Marked Drammen og Hønefoss,https://www.facebook.com/BondensMarkedDrammen/events,Facebook,2025-06-05 14:23:42,,No,No
WO Oslofjorden,Bondens Marked Vestfold,https://www.facebook.com/bondensmarkedvestfold/events,Facebook,2025-06-05 14:29:30,2025-06-05 14:29:39,No,No
WO Oslofjorden,Bondens Marked Vestfold,https://www.facebook.com/bondensmarkedvestfold/events,Facebook,2025-06-05 14:38:11,,No,No
WO Oslofjorden,Bondens Marked Telemark,https://www.facebook.com/bondensmarkedtelemark/events,Facebook,2025-06-05 14:54:59,2025-06-05 14:55:07,No,No
WO Oslofjorden,Bondens Marked Telemark,https://www.facebook.com/bondensmarkedtelemark/events,Facebook,2025-06-05 15:40:49,,No,No
WO Oslofjorden,MiA - Museene i Akershus,https://mia.no/hva-skjer,Weblink,2025-09-01 08:59:10,,No,No
WO Oslofjorden,Drøbak Akvarium,https://www.facebook.com/drobakakvarium/events,Facebook,2025-09-29 08:43:28,2025-09-29 08:55:14,No,No
WO Oslofjorden,Bølgen Kino,https://ebillett.no/bolgenkino/events/daily,Weblink,2026-01-07 16:02:43,,No,No
WO Oslofjorden,Bølgen Kulturhus,https://www.bolgenkulturhus.no/program/,Weblink,2026-01-08 10:28:45,,No,No
WO Oslofjorden,Kaktusfestivalen,https://www.facebook.com/kaktusfestivalen/events,Facebook,2026-01-14 09:12:47,,No,No
WO Stavanger,Bondens Marked Rogaland,https://www.facebook.com/BondensMarkedRogaland/events,Facebook,2025-06-05 14:40:42,2025-06-05 14:40:57,No,No
WO Stavanger,Bondens Marked Rogaland,https://www.facebook.com/BondensMarkedRogaland/events,Facebook,2025-06-05 14:45:15,,No,No
WO Stavanger,Blåveis,https://www.facebook.com/BlaaveisStavanger/events,Facebook,2025-07-16 12:27:08,,No,No
WO Stavanger,Norsk Oljemuseum,https://www.facebook.com/oljemuseet/events,Facebook,2025-07-16 12:24:08,,No,No
WO Stavanger,BGE Contemporary Art Projects,https://www.facebook.com/bgecontemporaryartprojects/events,Facebook,2025-07-16 12:18:31,,No,No
WO Stavanger,Musikkstuen Påfyll,https://www.facebook.com/PafyllStavanger/events,Facebook,2025-10-16 13:39:29,,No,No
WO Tromsø,Tromsø arktisk-alpine botaniske hage,https://www.facebook.com/tromso.arktisk.alpine.botaniske.hage/events,Facebook,2025-10-22 06:46:54,,No,No
WO Tromsø,Polarmuseet,https://www.facebook.com/Polarmuseet/events,Facebook,2025-10-22 06:47:15,,No,No
WO Tromsø,Tromsø Kulturhus,https://www.facebook.com/Tromsokulturhus/events,Facebook,2025-08-28 10:37:53,,No,No
WO Tromsø,Blårock Cafe,https://www.blarock.no,Weblink,2025-08-29 11:44:18,,No,No
WO Tromsø,Norges Råfisklag,https://www.facebook.com/rafisklaget/events,Facebook,2025-09-01 09:57:37,,No,No
WO Tromsø,Prelaten Kro og Scene,https://www.facebook.com/Prelaten/events,Facebook,2025-09-01 10:43:38,,No,No
WO Tromsø,Aurora kino Fokus,https://www.facebook.com/AurorakinoFokus/events,Facebook,2025-09-01 10:46:40,,No,No
WO Tromsø,Perspektivet Museum,https://www.facebook.com/perspektivet.museum/events,Facebook,2025-09-01 10:57:20,,No,No
WO Tromsø,Rorbua PUB,https://www.facebook.com/RorbuaPub/events,Facebook,2025-09-01 09:57:14,,No,No
WO Tromsø,Tromsø bibliotek og byarkiv,https://www.facebook.com/tromsobibliotek/events,Facebook,2025-10-08 14:39:15,,No,No
WO Tromsø,Tromsø bibliotek og byarkiv,https://tromso.kommune.no/bibliotek/kalender,Weblink,2025-09-03 09:43:27,2025-10-15 09:32:23,No,No
WO Tromsø,Polaria,https://www.facebook.com/Polaria.no/events,Facebook,2025-09-15 09:33:14,,No,No
WO Tromsø,Bastard Bar,https://www.facebook.com/bastardbar/events,Facebook,2025-10-02 07:01:51,,No,No
WO Tromsø,Tromsø Skaperlag ,https://www.facebook.com/skaperlaget/events,Facebook,2025-10-16 12:46:22,,No,No
WO Tromsø,UiT Norges arktiske universitetsmuseum,https://www.facebook.com/arktiskmuseum/events,Facebook,2025-10-21 19:09:30,2026-01-08 11:08:02,No,No
WO Tromsø,UiT Norges arktiske universitetsmuseum,https://uit.no/tmu/arrangementer,Weblink,2026-01-08 10:46:35,,No,No
WO Tromsø,Bastard Bar,https://bastardbar.no/,Weblink,2026-01-08 11:10:33,2026-01-08 11:19:56,No,No
WO Tromsø,Tromsø Kulturhus,https://kulturhuset.tr.no/,Weblink,2026-01-08 12:09:56,2026-01-08 12:58:27,No,No
WO Trondheim,Ringve Musikkmuseum,https://www.facebook.com/ringvemusikkmuseum/events,Facebook,2025-04-03 08:36:29,2025-04-10 12:13:35,No,No
WO Trondheim,Ringve Musikkmuseum,https://www.facebook.com/ringvemusikkmuseum/events,Facebook,2025-01-23 10:58:18,2025-01-23 13:16:46,Yes,No
WO Trondheim,Galleri Dropsfabrikken,https://www.facebook.com/Dropsfabrikkengalleri/events,Facebook,2025-01-24 09:38:36,,No,No
WO Trondheim,Galleri SG,https://www.facebook.com/Kjopmannsgt.37/events,Facebook,2025-01-24 09:42:23,,No,No
WO Trondheim,Vitenskapsmuseet,https://www.facebook.com/Vitenskapsmuseet/events,Facebook,2025-01-24 09:46:05,,No,No
WO Trondheim,Trondheim Kino,https://www.facebook.com/TrondheimKino/events,Facebook,2025-01-27 17:27:08,,No,No
WO Trondheim,Sverresborg Trøndelag Folkemuseum,https://www.facebook.com/sverresborg/events,Facebook,2025-01-28 21:54:05,,No,No
WO Trondheim,Trondheim Kunstmuseum,https://www.facebook.com/trondheim.kunstmuseum/events,Facebook,2025-01-28 22:00:44,,No,No
WO Trondheim,Koment,https://www.facebook.com/profile.php?id=61568613846608&sk=events,Facebook,2025-02-04 11:12:09,,No,No
WO Trondheim,Nordic Black Theatre,https://www.facebook.com/viten/events,Facebook,2025-02-20 10:19:07,2025-02-20 10:25:32,Yes,No
WO Trondheim,Studentersamfundet i Trondhjem,https://www.facebook.com/samfundet/events,Facebook,2025-02-24 16:35:24,,No,No
WO Trondheim,Vitensenteret i Trondheim,https://www.facebook.com/viten/events,Facebook,2025-02-24 16:36:26,,No,No
WO Trondheim,Byscenen,https://www.facebook.com/ByscenenTrondheim/events,Facebook,2025-02-24 16:33:54,2026-01-08 16:08:46,No,No
WO Trondheim,Kjøpmannsgata Ung Kunst,https://www.facebook.com/Kjopmannsgataungkunst/events,Facebook,2025-03-12 14:49:33,2025-03-12 14:52:49,No,No
WO Trondheim,Ila Brainnstasjon,https://www.facebook.com/ilabrainnstasjon/events,Facebook,2025-03-19 12:06:02,2025-03-19 12:09:06,No,No
WO Trondheim,Lager 11,https://www.facebook.com/Lager11.trondheim/events,Facebook,2025-03-19 12:14:40,2025-03-19 12:14:52,No,No
WO Trondheim,Havet Arena,https://www.facebook.com/havettrondheim/events,Facebook,2025-03-19 12:24:51,2025-03-19 12:24:57,No,No
WO Trondheim,Trondhjems Kunstforening,https://www.facebook.com/trondhjemskunstforening/events,Facebook,2025-03-19 12:31:50,2025-03-19 12:31:57,No,No
WO Trondheim,Antikvariatet,https://www.facebook.com/antikvarene/events,Facebook,2025-03-19 13:02:39,2025-03-19 13:02:46,No,No
WO Trondheim,Nordenfjeldske kunstindustrimuseum,https://www.facebook.com/Nordenfjeldske.Kunstindustrimuseum/events,Facebook,2025-04-10 12:12:35,2025-04-10 12:13:39,No,No
WO Trondheim,Nordenfjeldske kunstindustrimuseum,https://www.facebook.com/Nordenfjeldske.Kunstindustrimuseum/events,Facebook,2025-04-10 12:30:31,,No,No
WO Trondheim,Antikvariatet,https://www.facebook.com/antikvarene/events,Facebook,2025-04-10 12:32:38,,No,No
WO Trondheim,Trondhjems Kunstforening,https://www.facebook.com/trondhjemskunstforening/events,Facebook,2025-04-10 12:36:04,,No,No
WO Trondheim,Ila Brainnstasjon,https://www.facebook.com/ilabrainnstasjon/events,Facebook,2025-04-10 12:46:13,,No,No
WO Trondheim,Kjøpmannsgata Ung Kunst,https://www.facebook.com/Kjopmannsgataungkunst/events,Facebook,2025-04-10 12:50:09,,No,No
WO Trondheim,Lager 11,https://www.facebook.com/Lager11.trondheim/events,Facebook,2025-04-10 12:39:11,2026-01-08 14:45:55,No,No
WO Trondheim,Havet Arena,https://www.facebook.com/havettrondheim/events,Facebook,2025-04-10 12:38:09,2026-01-08 15:06:42,No,No
WO Trondheim,Fru Lundgreen,https://www.facebook.com/fru.lundgreen/events?locale=nb_NO,Facebook,2025-05-05 09:42:05,2025-05-05 09:42:25,No,No
WO Trondheim,Fru Lundgreen,https://www.facebook.com/fru.lundgreen/events?locale=nb_NO,Facebook,2025-05-09 11:16:08,,No,No
WO Trondheim,Pstereo,https://www.facebook.com/pstereo/events?locale=nb_NO,Facebook,2025-05-14 20:35:31,2025-05-14 20:35:39,No,No
WO Trondheim,Pstereo,https://www.facebook.com/pstereo/events?locale=nb_NO,Facebook,2025-05-16 07:30:16,,No,No
WO Trondheim,Olavshallen,https://www.facebook.com/olavshallenas/events,Facebook,2025-05-30 15:01:54,2026-01-08 14:30:32,No,No
WO Trondheim,Olavshallen,https://www.facebook.com/olavshallenas/events,Facebook,2025-05-30 13:53:04,2025-05-30 13:53:11,No,No
WO Trondheim,Bondens Marked Trønderlag,https://www.facebook.com/Bondensmarkedtrondelag/events,Facebook,2025-06-05 15:47:54,2025-06-05 15:49:01,No,No
WO Trondheim,Bondens Marked Trønderlag,https://www.facebook.com/Bondensmarkedtrondelag/events,Facebook,2025-06-05 15:52:19,,No,No
WO Trondheim,Ringve Musikkmuseum,https://www.facebook.com/ringvemusikkmuseum/events,Facebook,2025-06-10 13:54:53,,No,No
WO Trondheim,Ringve Musikkmuseum,https://www.facebook.com/ringvemusikkmuseum,Facebook,2025-04-10 12:29:46,2025-06-10 13:54:53,No,No
WO Trondheim,FETT.marked,https://www.facebook.com/profile.php?id=61557118507642&sk=events,Facebook,2025-09-09 09:16:43,,No,No
WO Trondheim,Nye Hjorten Teater,https://nyehjortenteater.no/program?view=program,Weblink,2025-09-16 07:20:17,,No,No
WO Trondheim,PoMo,https://www.facebook.com/pomotrondheim/events,Facebook,2025-09-16 08:38:44,,No,No
WO Trondheim,Røros Konserter,https://www.facebook.com/roroskonserter/events,Facebook,2025-10-01 09:08:38,,No,No
WO Trondheim,Mambo Bachata Trondheim,https://www.facebook.com/mambobachatatrondheim/events,Facebook,2026-01-08 13:09:19,,No,No
WO Trondheim,Olavshallen,https://www.olavshallen.no/forestillinger,Weblink,2026-01-08 13:20:39,,No,No
WO Trondheim,Lager 11,https://lager11.no/hvaskjer,Weblink,2026-01-08 14:33:53,,No,No
WO Trondheim,Havet Arena,https://www.broadcast.events/v/merqAUBoZn,Weblink,2026-01-08 14:51:38,,No,No
WO Trondheim,Byscenen,https://www.byscenen.no/,Weblink,2026-01-08 15:36:51,,No,No
WO Trondheim,Studentersamfundet i Trondhjem,https://www.samfundet.no/arrangement,Weblink,2026-01-08 15:08:42,2026-01-08 15:41:46,No,No
WO Trondheim,Sluppen,https://www.facebook.com/SluppenTrondheim/events,Facebook,2026-01-12 10:02:49,,No,No
Стрий- Моя громада,Стрий,https://www.facebook.com/profile.php?id=100068476952827,Facebook,2025-02-27 10:25:20,2025-02-27 11:07:33,No,Yes
Стрий- Моя громада,Стрий,https://stryy.karabas.com/hall/golden-garden-club/,Weblink,2025-02-27 10:37:04,2025-02-27 11:07:33,No,Yes
Стрий- Моя громада,Стрий,https://www.facebook.com/profile.php?id=100066550986224,Facebook,2025-02-27 10:54:54,2025-02-27 11:07:33,No,Yes